{"cameraMode":{"drawMode":0,"name":"Shaded","section":"Shading Mode"},"sceneLighting":false,"audioPlay":false,"sceneViewState":{"m_AlwaysRefresh":false,"showFog":true,"showSkybox":false,"showFlares":true,"showImageEffects":true,"showParticleSystems":true,"showVisualEffectGraphs":true,"m_FxEnabled":false},"in2DMode":false,"pivot":{"x":0.5468732714653015,"y":-0.8886770009994507,"z":-1.2254313230514527},"rotation":{"x":-0.13541021943092347,"y":0.45688530802726748,"z":-0.07059856504201889,"w":-0.8763163685798645},"size":8.951964378356934,"orthographic":false}